{
  "$schema": "node_modules/@angular/cli/lib/config/schema.json",
  "project": {
    "name": "Austracker"
  },
  "apps": [
    {
      "root": "src",
      "outDir": "dist",
      "assets": [
        "assets",
        "favicon.ico"
      ],
      "index": "index.html",
      "main": "main.ts",
      "polyfills": "polyfills.ts",
      "tsconfig": "tsconfig.app.json",
      "prefix": "app",
      "styles": [
        "assets/css/vis.min.css",
        "assets/css/kendo.min.css",
        "assets/js/scroll/prettify.css",
        "assets/css/font-awesome.min.css",
        "../bower_components/bootstrap/dist/css/bootstrap.min.css",
        "assets/css/styles.css"
      ],
      "scripts": [
        "assets/js/scroll/prettify.js",
        "../bower_components/jquery/dist/jquery.min.js",
        "../bower_components/bootstrap/dist/js/bootstrap.js",
        "../bower_components/signalr/jquery.signalR.min.js"
      ],
      "environmentSource": "environments/environment.ts",
      "environments": {
        "dev": "environments/environment.ts",
        "prod": "environments/environment.prod.ts"
      }
    }
  ],
  "lint": [
    {
      "project": "src/tsconfig.app.json"
    }
  ],
  "defaults": {
    "serve": {
      "port": 4444,
      "host": "localhost"
    },
    "styleExt": "css",
    "inline": {
      "style": false,
      "template": false
    },
    "spec": {
      "class": false,
      "component": false,
      "directive": false,
      "module": false,
      "pipe": false,
      "service": false
    }
  }
}